,shortest route length,steps,start,end,river_score,landslide_score,height_score,score
0,3262.29,39.0,1540560778.0,6028570899.0,3.0,1.243558091579719,2.0647287717760032,2.1027622877852408
